<?xml version="1.0" encoding="Windows-1252"?>
<ItemContainer xmlns:xsi="http://www.w3.org/2001/XMLSchema-instance" xmlns:xsd="http://www.w3.org/2001/XMLSchema">
  <Weapons>
    <Item xsi:type="Weapon">
      <ItemType>TWOHAND</ItemType>
      <Quality>LEGENDARY</Quality>
      <SpriteNeutral>Weapons/IronSpearNormal</SpriteNeutral>
      <SpriteHighlighted>Weapons/IronSpearHighlight</SpriteHighlighted>
      <MaxSize>1</MaxSize>
      <ItemName>Iron Spear</ItemName>
      <Description>Spear Made Of Iron</Description>
      <Intellect>5</Intellect>
      <Agility>5</Agility>
      <Stamina>25</Stamina>
      <Strength>25</Strength>
      <AttackSpeed>5</AttackSpeed>
      <SellPrice>5</SellPrice>
      <BuyPrice>10</BuyPrice>
    </Item>
    <Item xsi:type="Weapon">
      <ItemType>MAINHAND</ItemType>
      <Quality>RARE</Quality>
      <SpriteNeutral>Weapons/WoodSwordNeutral</SpriteNeutral>
      <SpriteHighlighted>Weapons/WoodSwordHighlighted</SpriteHighlighted>
      <MaxSize>1</MaxSize>
      <ItemName>Wooden Sword</ItemName>
      <Description>Sword Made Of Wood</Description>
      <Intellect>2</Intellect>
      <Agility>2</Agility>
      <Stamina>10</Stamina>
      <Strength>10</Strength>
      <AttackSpeed>10</AttackSpeed>
      <SellPrice>5</SellPrice>
      <BuyPrice>10</BuyPrice>
    </Item>
    <Item xsi:type="Weapon">
      <ItemType>OFFHAND</ItemType>
      <Quality>RARE</Quality>
      <SpriteNeutral>Weapons/BunnyShieldNormal</SpriteNeutral>
      <SpriteHighlighted>Weapons/BunnyShieldHighlight</SpriteHighlighted>
      <MaxSize>1</MaxSize>
      <ItemName>Bunny Shield</ItemName>
      <Description>Shield Made Of Wool</Description>
      <Intellect>5</Intellect>
      <Agility>5</Agility>
      <Stamina>20</Stamina>
      <Strength>5</Strength>
      <AttackSpeed>0</AttackSpeed>
      <SellPrice>5</SellPrice>
      <BuyPrice>10</BuyPrice>
    </Item>
    <Item xsi:type="Weapon">
      <ItemType>OFFHAND</ItemType>
      <Quality>RARE</Quality>
      <SpriteNeutral>Weapons/GoudenShieldNormal</SpriteNeutral>
      <SpriteHighlighted>Weapons/GoudenShieldHighlight</SpriteHighlighted>
      <MaxSize>1</MaxSize>
      <ItemName>Golden Shield</ItemName>
      <Description>Shield Made Of Gold</Description>
      <Intellect>20</Intellect>
      <Agility>14</Agility>
      <Stamina>23</Stamina>
      <Strength>12</Strength>
      <AttackSpeed>0</AttackSpeed>
      <SellPrice>5</SellPrice>
      <BuyPrice>10</BuyPrice>
    </Item>
    <Item xsi:type="Weapon">
      <ItemType>OFFHAND</ItemType>
      <Quality>RARE</Quality>
      <SpriteNeutral>Weapons/WoodShieldNormal</SpriteNeutral>
      <SpriteHighlighted>Weapons/WoodShieldHighlight</SpriteHighlighted>
      <MaxSize>1</MaxSize>
      <ItemName>Wooden Shield</ItemName>
      <Description>Shield Made Of Tree Bark</Description>
      <Intellect>7</Intellect>
      <Agility>3</Agility>
      <Stamina>11</Stamina>
      <Strength>4</Strength>
      <AttackSpeed>0</AttackSpeed>
      <SellPrice>5</SellPrice>
      <BuyPrice>10</BuyPrice>
    </Item>
    <Item xsi:type="Weapon">
      <ItemType>OFFHAND</ItemType>
      <Quality>RARE</Quality>
      <SpriteNeutral>Weapons/StoneShieldNormal</SpriteNeutral>
      <SpriteHighlighted>Weapons/StoneShieldHighlight</SpriteHighlighted>
      <MaxSize>1</MaxSize>
      <ItemName>Stone Shield</ItemName>
      <Description>Shield Made Of Stone</Description>
      <Intellect>23</Intellect>
      <Agility>9</Agility>
      <Stamina>33</Stamina>
      <Strength>45</Strength>
      <AttackSpeed>0</AttackSpeed>
      <SellPrice>5</SellPrice>
      <BuyPrice>10</BuyPrice>
    </Item>
    <Item xsi:type="Weapon">
      <ItemType>TWOHAND</ItemType>
      <Quality>UNCOMMON</Quality>
      <SpriteNeutral>Weapons/WoodSpearNormal</SpriteNeutral>
      <SpriteHighlighted>Weapons/WoodSpearHighlight</SpriteHighlighted>
      <MaxSize>1</MaxSize>
      <ItemName>Wooden Spear</ItemName>
      <Description>Spear made out of wood</Description>
      <Intellect>5</Intellect>
      <Agility>5</Agility>
      <Stamina>10</Stamina>
      <Strength>10</Strength>
      <AttackSpeed>10</AttackSpeed>
      <SellPrice>5</SellPrice>
      <BuyPrice>10</BuyPrice>
    </Item>
  </Weapons>
  
  <Equipment>
    <Item xsi:type="Equipment">
      <ItemType>BELT</ItemType>
      <Quality>EPIC</Quality>
      <SpriteNeutral>Equipment/BeltNormal</SpriteNeutral>
      <SpriteHighlighted>Equipment/BeltHighlight</SpriteHighlighted>
      <MaxSize>1</MaxSize>
      <ItemName>Leather Belt</ItemName>
      <Description>Belt Made Of Leather</Description>
      <Intellect>7</Intellect>
      <Agility>6</Agility>
      <Stamina>4</Stamina>
      <Strength>2</Strength>
      <SellPrice>5</SellPrice>
      <BuyPrice>10</BuyPrice>
    </Item>
    <Item xsi:type="Equipment">
      <ItemType>BOOTS</ItemType>
      <Quality>LEGENDARY</Quality>
      <SpriteNeutral>Equipment/BootsNormal</SpriteNeutral>
      <SpriteHighlighted>Equipment/BootsHighlight</SpriteHighlighted>
      <MaxSize>1</MaxSize>
      <ItemName>Leather Boots</ItemName>
      <Description>Boots Made Of Leather</Description>
      <Intellect>3</Intellect>
      <Agility>15</Agility>
      <Stamina>10</Stamina>
      <Strength>4</Strength>
      <SellPrice>5</SellPrice>
      <BuyPrice>10</BuyPrice>
      <SellPrice>5</SellPrice>
      <BuyPrice>10</BuyPrice>
    </Item>
    <Item xsi:type="Equipment">
      <ItemType>BRACES</ItemType>
      <Quality>LEGENDARY</Quality>
      <SpriteNeutral>Equipment/BracerNormal</SpriteNeutral>
      <SpriteHighlighted>Equipment/BracerHighlight</SpriteHighlighted>
      <MaxSize>1</MaxSize>
      <ItemName>Iron Braces</ItemName>
      <Description>Braces Mad Of Iron</Description>
      <Intellect>5</Intellect>
      <Agility>6</Agility>
      <Stamina>12</Stamina>
      <Strength>6</Strength>
      <SellPrice>5</SellPrice>
      <BuyPrice>10</BuyPrice>
    </Item>
    <Item xsi:type="Equipment">
      <ItemType>CHEST</ItemType>
      <Quality>UNCOMMON</Quality>
      <SpriteNeutral>Equipment/ChestNormal</SpriteNeutral>
      <SpriteHighlighted>Equipment/ChestHighlight</SpriteHighlighted>
      <MaxSize>1</MaxSize>
      <ItemName>Iron Chestplate</ItemName>
      <Description>Chestplate MAde Of Iron</Description>
      <Intellect>3</Intellect>
      <Agility>3</Agility>
      <Stamina>25</Stamina>
      <Strength>10</Strength>
      <SellPrice>5</SellPrice>
      <BuyPrice>10</BuyPrice>
    </Item>
    <Item xsi:type="Equipment">
      <ItemType>HEAD</ItemType>
      <Quality>EPIC</Quality>
      <SpriteNeutral>Equipment/HelmetNormal</SpriteNeutral>
      <SpriteHighlighted>Equipment/HelmetHighlight</SpriteHighlighted>
      <MaxSize>1</MaxSize>
      <ItemName>Iron Helmet</ItemName>
      <Description>Helmet Made Of Iron</Description>
      <Intellect>5</Intellect>
      <Agility>2</Agility>
      <Stamina>30</Stamina>
      <Strength>15</Strength>
      <SellPrice>5</SellPrice>
      <BuyPrice>10</BuyPrice>
    </Item>
    <Item xsi:type="Equipment">
      <ItemType>NECK</ItemType>
      <Quality>RARE</Quality>
      <SpriteNeutral>Equipment/NeckNormal</SpriteNeutral>
      <SpriteHighlighted>Equipment/NeckHighlighted</SpriteHighlighted>
      <MaxSize>1</MaxSize>
      <ItemName>Ruby Neckles</ItemName>
      <Description>Neckles Made Of Ruby</Description>
      <Intellect>25</Intellect>
      <Agility>2</Agility>
      <Stamina>3</Stamina>
      <Strength>1</Strength>
      <SellPrice>5</SellPrice>
      <BuyPrice>10</BuyPrice>
    </Item>
    <Item xsi:type="Equipment">
      <ItemType>PANTS</ItemType>
      <Quality>UNCOMMON</Quality>
      <SpriteNeutral>Equipment/PantsNormal</SpriteNeutral>
      <SpriteHighlighted>Equipment/PantsHighlighted</SpriteHighlighted>
      <MaxSize>1</MaxSize>
      <ItemName>Cotton Jeans</ItemName>
      <Description>Jeans Made Of Cotton</Description>
      <Intellect>3</Intellect>
      <Agility>20</Agility>
      <Stamina>5</Stamina>
      <Strength>2</Strength>
      <SellPrice>5</SellPrice>
      <BuyPrice>10</BuyPrice>
    </Item>
    <Item xsi:type="Equipment">
      <ItemType>RING</ItemType>
      <Quality>LEGENDARY</Quality>
      <SpriteNeutral>Equipment/RingNormal</SpriteNeutral>
      <SpriteHighlighted>Equipment/RingHighlight</SpriteHighlighted>
      <MaxSize>1</MaxSize>
      <ItemName>Diamond Ring</ItemName>
      <Description>Ring With An Diamond Stone</Description>
      <Intellect>45</Intellect>
      <Agility>3</Agility>
      <Stamina>1</Stamina>
      <Strength>25</Strength>
      <SellPrice>5</SellPrice>
      <BuyPrice>10</BuyPrice>
    </Item>
    <Item xsi:type="Equipment">
      <ItemType>SHOULDER</ItemType>
      <Quality>RARE</Quality>
      <SpriteNeutral>Equipment/ShoulderNormal</SpriteNeutral>
      <SpriteHighlighted>Equipment/ShoulderHighlighted</SpriteHighlighted>
      <MaxSize>1</MaxSize>
      <ItemName>Leaf Shoulder</ItemName>
      <Description>Shoulder Made Of Leafs</Description>
      <Intellect>4</Intellect>
      <Agility>7</Agility>
      <Stamina>6</Stamina>
      <Strength>4</Strength>
      <SellPrice>5</SellPrice>
      <BuyPrice>10</BuyPrice>
    </Item>
    <Item xsi:type="Equipment">
      <ItemType>TRINKET</ItemType>
      <Quality>LEGENDARY</Quality>
      <SpriteNeutral>Equipment/TrinketNormal</SpriteNeutral>
      <SpriteHighlighted>Equipment/TrinketHighlight</SpriteHighlighted>
      <MaxSize>1</MaxSize>
      <ItemName>Voodoo Trinket</ItemName>
      <Description>Cursed Trinket</Description>
      <Intellect>26</Intellect>
      <Agility>4</Agility>
      <Stamina>2</Stamina>
      <Strength>9</Strength>
      <SellPrice>5</SellPrice>
      <BuyPrice>10</BuyPrice>
    </Item>
  </Equipment>
  
  <Consumable>
    <Item xsi:type="Consumeable">
      <ItemType>CONSUMEABLE</ItemType>
      <Quality>COMMON</Quality>
      <SpriteNeutral>Consumeable/HealthNormal</SpriteNeutral>
      <SpriteHighlighted>Consumeable/HealthHighlight</SpriteHighlighted>
      <MaxSize>10</MaxSize>
      <ItemName>Health Potion</ItemName>
      <Description>Heals An Amount Of Health</Description>
      <Health>10</Health>
      <Mana>0</Mana>
      <Rage>0</Rage>
      <SellPrice>1</SellPrice>
      <BuyPrice>2</BuyPrice>
    </Item>
    <Item xsi:type="Consumeable"> 
      <ItemType>CONSUMEABLE</ItemType>
      <Quality>COMMON</Quality>
      <SpriteNeutral>Consumeable/EnergyNormal</SpriteNeutral>
      <SpriteHighlighted>Consumeable/EnergyHighlight</SpriteHighlighted>
      <MaxSize>10</MaxSize>
      <ItemName>Energy Potion</ItemName>
      <Description>Heals An Amount Of Energy</Description>
      <Health>0</Health>
      <Mana>10</Mana>
      <Rage>0</Rage>
      <SellPrice>1</SellPrice>
      <BuyPrice>2</BuyPrice>
    </Item>
    <Item xsi:type="Consumeable">
      <ItemType>CONSUMEABLE</ItemType>
      <Quality>RARE</Quality>
      <SpriteNeutral>Consumeable/RageNormal</SpriteNeutral>
      <SpriteHighlighted>Consumeable/RageHighlight</SpriteHighlighted>
      <MaxSize>10</MaxSize>
      <ItemName>Rage Potion</ItemName>
      <Description>Gain an amount of rage</Description>
      <Health>0</Health>
      <Mana>0</Mana>
      <Rage>10</Rage>
      <SellPrice>1</SellPrice>
      <BuyPrice>2</BuyPrice>
    </Item>
  </Consumable>

  <Materials>
    <Item xsi:type="Material">
      <ItemType>MATERIAL</ItemType>
      <Quality>COMMON</Quality>
      <SpriteNeutral>Materials/WoodNormal</SpriteNeutral>
      <SpriteHighlighted>Materials/WoodHighlight</SpriteHighlighted>
      <MaxSize>10</MaxSize>
      <ItemName>Wood</ItemName>
      <Description>This is a piece of wood</Description>
      <SellPrice>1</SellPrice>
      <BuyPrice>2</BuyPrice>
    </Item>
    <Item xsi:type="Material">
      <ItemType>MATERIAL</ItemType>
      <Quality>COMMON</Quality>
      <SpriteNeutral>Materials/StoneNormal</SpriteNeutral>
      <SpriteHighlighted>Materials/StoneHighlight</SpriteHighlighted>
      <MaxSize>10</MaxSize>
      <ItemName>Stone</ItemName>
      <Description>This is a piece of stone</Description>
      <SellPrice>1</SellPrice>
      <BuyPrice>2</BuyPrice>
    </Item>
    <Item xsi:type="Material">
      <ItemType>MATERIAL</ItemType>
      <Quality>COMMON</Quality>
      <SpriteNeutral>Materials/IronNormal</SpriteNeutral>
      <SpriteHighlighted>Materials/IronHighlight</SpriteHighlighted>
      <MaxSize>10</MaxSize>
      <ItemName>Iron</ItemName>
      <Description>This is an iron ingot</Description>
      <SellPrice>1</SellPrice>
      <BuyPrice>2</BuyPrice>
    </Item>
  </Materials>
</ItemContainer>